2025-06-08T16:49:56.848446,reject,
2025-06-08T17:39:22.137751,accept,Try adding another color | Try adding a small cat to the bottom left
2025-06-08T21:54:40.157791,accept,Try adding another color | Try adding a small cat to the bottom left
2025-06-08T22:07:50.180676,accept,Try adding another color | Try adding a small cat to the bottom left
2025-06-08T22:08:38.695153,reject,Try adding another color | Try adding a small cat to the bottom left
2025-06-08T22:12:29.025921,accept,Try adding another color | Try adding a small cat to the bottom left
2025-06-10T14:55:46.004950,accept,Try adding another color | Try adding a small object | cut-out shape resembling A dotted wave
2025-06-10T14:55:52.127075,partially,Try adding another color | Try adding a small object | carved lino-block of a pattern
2025-06-10T14:56:40.093875,accept,Try adding another color | Try adding a small object | painterly stamp of a chair
2025-06-10T15:03:29.685411,accept,Try adding another color | Try adding a small object | monochrome silhouette of a fern spiral
2025-06-10T15:03:33.151316,accept,Try adding another color | Try adding a small object | geometric abstraction of A puddle splash shape
2025-06-10T15:05:32.502774,accept,Try adding another color | Try adding a small object | bold graphic of a twisted ribbon
2025-06-10T15:11:02.798806,accept,Try adding another color | Try adding a small object | geometric abstraction of a floating pebble
2025-06-10T15:11:09.700292,accept,Try adding another color | Try adding a small object | bold graphic of a chair
2025-06-10T15:13:14.035450,ef21a5d8-9855-44b6-9307-7fa30a1acdb2,reject,Consider enhancing the green in the center
2025-06-10T15:13:23.105629,ef21a5d8-9855-44b6-9307-7fa30a1acdb2,partially,Try adding a wavy shape in the upper right
2025-06-10T15:18:31.676551,40da70ee-4229-4860-9e9c-3c59f3c765b2,accept,Try adding another color | Try adding a small object | solid-colored rendition of a chair
2025-06-10T15:19:04.951115,40da70ee-4229-4860-9e9c-3c59f3c765b2,accept,Try adding another color | Try adding a small object | layered screenprint of A key
2025-06-10T15:19:11.205866,40da70ee-4229-4860-9e9c-3c59f3c765b2,reject,Try adding a wavy shape in the upper right
2025-06-10T15:22:15.296446,0bd8358f-5e9f-4ad6-bc47-d08c2e80ca1b,reject,painterly stamp of an abstract figure
2025-06-10T15:22:48.985012,0bd8358f-5e9f-4ad6-bc47-d08c2e80ca1b,reject,Try adding a wavy shape in the upper right
2025-06-10T15:22:52.967108,0bd8358f-5e9f-4ad6-bc47-d08c2e80ca1b,reject,Try adding a wavy shape in the upper right
2025-06-10T15:23:17.189021,0bd8358f-5e9f-4ad6-bc47-d08c2e80ca1b,reject,Consider enhancing the green in the center
2025-06-10T15:28:44.824528,28a3b8c7-62d7-41c7-ba69-8d52cbe159f0,accept,Consider enhancing the green in the center
2025-06-10T15:45:04.891261,unknown,accept,Try adding another color
2025-06-10T15:45:38.618288,unknown,accept,Try adding another color
2025-06-10T15:46:27.174332,unknown,accept,Try adding another color
2025-06-10T15:47:50.056317,unknown,accept,Try adding another color
2025-06-10T15:49:03.088654,unknown,accept,Try adding another color
2025-06-10T15:50:46.681816,unknown,accept,Consider enhancing the green in the center
2025-06-10T15:51:29.919870,unknown,accept,Try adding another color
2025-06-10T15:52:14.007886,unknown,accept,Try adding another color
2025-06-10T15:52:20.771563,unknown,accept,Try adding a wavy shape in the upper right
2025-06-10T15:57:48.806165,accept,Try adding another color | Try adding a small object | halftone study of A pair of scissors
2025-06-10T15:58:31.765121,accept,Try adding another color | Try adding a small object | solid-colored rendition of A cracked rock
2025-06-10T16:01:14.313316,accept,Insert an image resembling monochrome silhouette of a flower in the top left
2025-06-10T16:01:23.442936,accept,Try adding something resembling a pattern
2025-06-10T16:02:34.292003,accept,Insert an image resembling monochrome silhouette of a chair in the top center
2025-06-10T16:02:42.034056,accept,Try adding something in the top left
2025-06-10T16:02:47.837374,accept,Try adding something in the top left
2025-06-10T16:03:00.364607,accept,Try adding something in the top left
2025-06-10T16:04:32.015365,accept,Try adding something with a darker shade
2025-06-10T16:05:47.188567,accept,Insert an image resembling monochrome silhouette of a flower in the top left
2025-06-10T16:05:54.421012,accept,Try adding something resembling a pattern
2025-06-10T16:05:58.641190,accept,Try adding something resembling a pattern
2025-06-10T16:06:36.297993,accept,Try adding something in the top left
2025-06-10T16:07:10.886036,reject,Insert an image resembling geometric abstraction of a chair in the top center
2025-06-10T16:08:43.358960,reject,Insert an image resembling monochrome silhouette of a spiral in the top left
2025-06-11T19:07:18.593147,accept,Try adding something resembling a pattern
2025-06-11T19:15:21.559045,accept,Try adding something with a darker shade
